USE [Bolnisnica]
GO

INSERT INTO [dbo].[Posta]([postna_st],[kraj])
     VALUES
           ('1000', 'Ljubljana'),
			('1001', 'Ljubljana - P.P.'),
			('1210', 'Ljubljana - Sentvid'),
			('1211', 'Ljubljana - Smartno'),
			('1215', 'Medvode'),
			('1216', 'Smlednik'),
			('1217', 'Vodice'),
			('1218', 'Komenda'),
			('1219', 'Laze v Tuhinju'),
			('1221', 'Motnik'),
			('1222', 'Trojane'),
			('1223', 'Blagovica'),
			('1225', 'Lukovica'),
			('1230', 'Domzale'),
			('1231', 'Ljubljana - Crnuce'),
			('1233', 'Dob'),
			('1234', 'Menges'),
			('1235', 'Radomlje'),
			('1236', 'Trzin'),
			('1241', 'Kamnik'),
			('1242', 'Stahovica'),
			('1251', 'Moravce'),
			('1252', 'Vace'),
			('1260', 'Ljubljana - Polje'),
			('1261', 'Ljubljana - Dobrunje'),
			('1262', 'Dol pri Ljubljani'),
			('1270', 'Litija'),
			('1272', 'Polsnik'),
			('1273', 'Dole pri Litiji'),
			('1274', 'Gabrovka'),
			('1275', 'Smartno pri Litiji'),
			('1276', 'Primskovo'),
			('1281', 'Kresnice'),
			('1282', 'Sava'),
			('1290', 'Grosuplje'),
			('1291', 'Skofljica'),
			('1292', 'Ig'),
			('1293', 'Smarje - Sap'),
			('1294', 'Visnja Gora'),
			('1295', 'Ivancna Gorica'),
			('1296', 'Sentvid pri Sticni'),
			('1301', 'Krka'),
			('1303', 'Zagradec'),
			('1310', 'Ribnica'),
			('1311', 'Turjak'),
			('1312', 'Videm - Dobrepolje'),
			('1313', 'Struge'),
			('1314', 'Rob'),
			('1315', 'Velike Lasce'),
			('1316', 'Ortnek'),
			('1317', 'Sodrazica'),
			('1318', 'Loski Potok'),
			('1319', 'Draga'),
			('1330', 'Kocevje'),
			('1331', 'Dolenja vas'),
			('1332', 'Stara Cerkev'),
			('1336', 'Kostel'),
			('1337', 'Osilnica'),
			('1338', 'Kocevska Reka'),
			('1351', 'Brezovica pri Ljubljani'),
			('1352', 'Preserje'),
			('1353', 'Borovnica'),
			('1354', 'Horjul'),
			('1355', 'Polhov Gradec'),
			('1356', 'Dobrova'),
			('1357', 'Notranje Gorice'),
			('1358', 'Log pri Brezovici'),
			('1360', 'Vrhnika'),
			('1370', 'Logatec'),
			('1371', 'Logatec'),
			('1372', 'Hotedrsica'),
			('1373', 'Rovte'),
			('1380', 'Cerknica'),
			('1381', 'Rakek'),
			('1382', 'Begunje pri Cerknici'),
			('1384', 'Grahovo'),
			('1385', 'Nova vas'),
			('1386', 'Stari trg pri Lozu'),
			('1410', 'Zagorje ob Savi'),
			('1411', 'Izlake'),
			('1412', 'Kisovec'),
			('1413', 'Cemsenik'),
			('1414', 'Podkum'),
			('1420', 'Trbovlje'),
			('1423', 'Dobovec'),
			('1430', 'Hrastnik'),
			('1431', 'Dol pri Hrastniku'),
			('1432', 'Zidani Most'),
			('1433', 'Radece'),
			('1434', 'Loka pri Zidanem Mostu'),
			('2000', 'Maribor'),
			('2001', 'Maribor - P.P.'),
			('2201', 'Zgornja Kungota'),
			('2204', 'Miklavz na Dravskem polju'),
			('2205', 'Starse'),
			('2206', 'Marjeta na Dravskem polju'),
			('2208', 'Pohorje'),
			('2211', 'Pesnica pri Mariboru'),
			('2212', 'Sentilj v Slovenskih goricah'),
			('2213', 'Zgornja Velka'),
			('2214', 'Sladki Vrh'),
			('2215', 'Cersak'),
			('2221', 'Jarenina'),
			('2222', 'Jakobski Dol'),
			('2223', 'Jurovski Dol'),
			('2229', 'Malecnik'),
			('2230', 'Lenart v Slovenskih goricah'),
			('2231', 'Pernica'),
			('2232', 'Volicina'),
			('2233', 'Sv. Ana v Slovenskih goricah'),
			('2234', 'Benedikt'),
			('2235', 'Sv. Trojica v Slovenskih goricah'),
			('2236', 'Cerkvenjak'),
			('2241', 'Spodnji Duplek'),
			('2242', 'Zgornja Korena'),
			('2250', 'Ptuj'),
			('2252', 'Dornava'),
			('2253', 'Destrnik'),
			('2254', 'Trnovska vas'),
			('2255', 'Vitomarci'),
			('2256', 'Jursinc'),
			('2257', 'Polensak'),
			('2258', 'Sveti Tomaz'),
			('2259', 'Ivanjkovci'),
			('2270', 'Ormoz'),
			('2272', 'Gorisnica'),
			('2273', 'Podgorci'),
			('2274', 'Velika Nedelja'),
			('2275', 'Miklavz pri Ormozu'),
			('2276', 'Kog'),
			('2277', 'Sredisce ob Dravi'),
			('2281', 'Markovci'),
			('2282', 'Cirkulane'),
			('2283', 'Zavrc'),
			('2284', 'Videm pri Ptuju'),
			('2285', 'Zgornji Leskovec'),
			('2286', 'Podlehnik'),
			('2287', 'Zetale'),
			('2288', 'Hajdina'),
			('2289', 'Stoperce'),
			('2310', 'Slovenska Bistrica'),
			('2311', 'Hoce'),
			('2312', 'Orehova vas'),
			('2313', 'Fram'),
			('2314', 'Zgornja Polskava'),
			('2315', 'Smartno na Pohorju'),
			('2316', 'Zgornja Loznica'),
			('2317', 'Oplotnica'),
			('2318', 'Laporje'),
			('2319', 'Poljcane'),
			('2321', 'Makole'),
			('2322', 'Majsperk'),
			('2323', 'Ptujska Gora'),
			('2324', 'Lovrenc na Dravskem polju'),
			('2325', 'Kidricevo'),
			('2326', 'Cirkovce'),
			('2327', 'Race'),
			('2331', 'Pragersko'),
			('2341', 'Limbus'),
			('2342', 'Ruse'),
			('2343', 'Fala'),
			('2344', 'Lovrenc na Pohorju'),
			('2345', 'Bistrica ob Dravi'),
			('2351', 'Kamnica'),
			('2352', 'Selnica ob Dravi'),
			('2353', 'Sveti Duh na Ostrem Vrhu'),
			('2354', 'Bresternica'),
			('2360', 'Radlje ob Dravi'),
			('2361', 'Ozbalt'),
			('2362', 'Kapla'),
			('2363', 'Podvelka'),
			('2364', 'Ribnica na Pohorju'),
			('2365', 'Vuhred'),
			('2366', 'Muta'),
			('2367', 'Vuzenica'),
			('2370', 'Dravograd'),
			('2371', 'Trbonje'),
			('2372', 'Libelice'),
			('2373', 'Sentjanz pri Dravogradu'),
			('2380', 'Slovenj Gradec'),
			('2381', 'Podgorje pri Slovenj Gradcu'),
			('2382', 'Mislinja'),
			('2383', 'Smartno pri Slovenj Gradcu'),
			('2390', 'Ravne na Koroskem'),
			('2391', 'Prevalje'),
			('2392', 'Mezica'),
			('2393', 'Crna na Koroskem'),
			('2394', 'Kotlje'),
			('3000', 'Celje'),
			('3001', 'Celje - P.P.'),
			('3201', 'Smartno v Rozni dolini'),
			('3202', 'Ljubecna'),
			('3203', 'Nova Cerkev'),
			('3205', 'Vitanje'),
			('3206', 'Stranice'),
			('3210', 'Slovenske Konjice'),
			('3211', 'Skofja vas'),
			('3212', 'Vojnik'),
			('3213', 'Frankolovo'),
			('3214', 'Zrece'),
			('3215', 'Loce'),
			('3220', 'Store'),
			('3221', 'Teharje'),
			('3222', 'Dramlje'),
			('3223', 'Loka pri Zusmu'),
			('3224', 'Dobje pri Planini'),
			('3225', 'Planina pri Sevnici'),
			('3230', 'Sentjur'),
			('3231', 'Grobelno'),
			('3232', 'Ponikva'),
			('3233', 'Kalobje'),
			('3240', 'Smarje pri Jelsah'),
			('3241', 'Podplat'),
			('3250', 'Rogaska Slatina'),
			('3252', 'Rogatec'),
			('3253', 'Pristava pri Mestinju'),
			('3254', 'Podcetrtek'),
			('3255', 'Buce'),
			('3256', 'Bistrica ob Sotli'),
			('3257', 'Podsreda'),
			('3260', 'Kozje'),
			('3261', 'Lesicno'),
			('3262', 'Prevorje'),
			('3263', 'Gorica pri Slivnici'),
			('3264', 'Sveti Stefan'),
			('3270', 'Lasko'),
			('3271', 'Sentrupert'),
			('3272', 'Rimske Toplice'),
			('3273', 'Jurkloster'),
			('3301', 'Petrovce'),
			('3302', 'Grize'),
			('3303', 'Gomilsko'),
			('3304', 'Tabor'),
			('3305', 'Vransko'),
			('3310', 'Zalec'),
			('3311', 'Sempeter v Savinjski dolini'),
			('3312', 'Prebold'),
			('3313', 'Polzela'),
			('3314', 'Braslovce'),
			('3320', 'Velenje'),
			('3322', 'Velenje - P.P.'),
			('3325', 'Sostanj'),
			('3326', 'Topolsica'),
			('3327', 'Smartno ob Paki'),
			('3330', 'Mozirje'),
			('3331', 'Nazarje'),
			('3332', 'Recica ob Savinji'),
			('3333', 'Ljubno ob Savinji'),
			('3334', 'Luce'),
			('3335', 'Solcava'),
			('3341', 'Smartno ob Dreti'),
			('3342', 'Gornji Grad'),
			('4000', 'Kranj'),
			('4001', 'Kranj - P.P.'),
			('4201', 'Zgornja Besnica'),
			('4202', 'Naklo'),
			('4203', 'Duplje'),
			('4204', 'Golnik'),
			('4205', 'Preddvor'),
			('4206', 'Zgornje Jezersko'),
			('4207', 'Cerklje na Gorenjskem'),
			('4208', 'Sencur'),
			('4209', 'Zabnica'),
			('4210', 'Brnik - Aerodrom'),
			('4211', 'Mavcice'),
			('4212', 'Visoko'),
			('4220', 'Skofja Loka'),
			('4223', 'Poljane nad Skofjo Loko'),
			('4224', 'Gorenja vas'),
			('4225', 'Sovodenj'),
			('4226', 'Ziri'),
			('4227', 'Selca'),
			('4228', 'Zelezniki'),
			('4229', 'Sorica'),
			('4240', 'Radovljica'),
			('4243', 'Brezje'),
			('4244', 'Podnart'),
			('4245', 'Kropa'),
			('4246', 'Kamna Gorica'),
			('4247', 'Zgornje Gorje'),
			('4248', 'Lesce'),
			('4260', 'Bled'),
			('4263', 'Bohinjska Bela'),
			('4264', 'Bohinjska Bistrica'),
			('4265', 'Bohinjsko jezero'),
			('4267', 'Srednja vas v Bohinju'),
			('4270', 'Jesenice'),
			('4273', 'Blejska Dobrava'),
			('4274', 'Zirovnica'),
			('4275', 'Begunje na Gorenjskem'),
			('4276', 'Hrusica'),
			('4280', 'Kranjska Gora'),
			('4281', 'Mojstrana'),
			('4282', 'Gozd Martuljek'),
			('4283', 'Ratece - Planica'),
			('4290', 'Trzic'),
			('4294', 'Krize'),
			('5000', 'Nova Gorica'),
			('5001', 'Nova Gorica - P.P.'),
			('5210', 'Deskle'),
			('5211', 'Kojsko'),
			('5212', 'Dobrovo v Brdih'),
			('5213', 'Kanal'),
			('5214', 'Kal nad Kanalom'),
			('5215', 'Rocinj'),
			('5216', 'Most na Soci'),
			('5220', 'Tolmin'),
			('5222', 'Kobarid'),
			('5223', 'Breginj'),
			('5224', 'Srpenica'),
			('5230', 'Bovec'),
			('5231', 'Log pod Mangartom'),
			('5232', 'Soca'),
			('5242', 'Grahovo ob Baci'),
			('5243', 'Podbrdo'),
			('5250', 'Solkan'),
			('5251', 'Grgar'),
			('5252', 'Trnovo pri Gorici'),
			('5253', 'Cepovan'),
			('5261', 'Sempas'),
			('5262', 'Crnice'),
			('5263', 'Dobravlje'),
			('5270', 'Ajdovscina'),
			('5271', 'Vipava'),
			('5272', 'Podnanos'),
			('5273', 'Col'),
			('5274', 'Crni Vrh nad Idrijo'),
			('5275', 'Godovic'),
			('5280', 'Idrija'),
			('5281', 'Spodnja Idrija'),
			('5282', 'Cerkno'),
			('5283', 'Slap ob Idrijci'),
			('5290', 'Sempeter pri Gorici'),
			('5291', 'Miren'),
			('5292', 'Rence'),
			('5293', 'Volcja Draga'),
			('5294', 'Dornberk'),
			('5295', 'Branik'),
			('5296', 'Kostanjevica na Krasu'),
			('5297', 'Prvacina'),
			('6000', 'Koper/Capodistria'),
			('6001', 'Koper/Capodistria - P.P.'),
			('6210', 'Sezana'),
			('6215', 'Divaca'),
			('6216', 'Podgorje'),
			('6217', 'Vremski Britof'),
			('6219', 'Lokev'),
			('6221', 'Dutovlje'),
			('6222', 'Stanjel'),
			('6223', 'Komen'),
			('6224', 'Senozece'),
			('6225', 'Hrusevje'),
			('6230', 'Postojna'),
			('6232', 'Planina'),
			('6240', 'Kozina'),
			('6242', 'Materija'),
			('6243', 'Obrov'),
			('6244', 'Podgrad'),
			('6250', 'Ilirska Bistrica'),
			('6251', 'Ilirska Bistrica-Trnovo'),
			('6253', 'Knezak'),
			('6254', 'Jelsane'),
			('6255', 'Prem'),
			('6256', 'Kosana'),
			('6257', 'Pivka'),
			('6258', 'Prestranek'),
			('6271', 'Dekani'),
			('6272', 'Gracisce'),
			('6273', 'Marezige'),
			('6274', 'Smarje'),
			('6275', 'Crni Kal'),
			('6276', 'Pobegi'),
			('6280', 'Ankaran/Ancarano'),
			('6281', 'Skofije'),
			('6310', 'Izola/Isola'),
			('6320', 'Portoroz/Portorose'),
			('6330', 'Piran/Pirano'),
			('6333', 'Secovlje/Sicciole'),
			('8000', 'Novo mesto'),
			('8001', 'Novo mesto - P.P.'),
			('8210', 'Trebnje'),
			('8211', 'Dobrnic'),
			('8212', 'Velika Loka'),
			('8213', 'Veliki Gaber'),
			('8216', 'Mirna Pec'),
			('8220', 'Smarjeske Toplice'),
			('8222', 'Otocec'),
			('8230', 'Mokronog'),
			('8231', 'Trebelno'),
			('8232', 'Sentrupert'),
			('8233', 'Mirna'),
			('8250', 'Brezice'),
			('8251', 'Catez ob Savi'),
			('8253', 'Artice'),
			('8254', 'Globoko'),
			('8255', 'Pisece'),
			('8256', 'Sromlje'),
			('8257', 'Dobova'),
			('8258', 'Kapele'),
			('8259', 'Bizeljsko'),
			('8261', 'Jesenice na Dolenjskem'),
			('8262', 'Krska vas'),
			('8263', 'Cerklje ob Krki'),
			('8270', 'Krsko'),
			('8272', 'Zdole'),
			('8273', 'Leskovec pri Krskem'),
			('8274', 'Raka'),
			('8275', 'Skocjan'),
			('8276', 'Bucka'),
			('8280', 'Brestanica'),
			('8281', 'Senovo'),
			('8282', 'Koprivnica'),
			('8283', 'Blanca'),
			('8290', 'Sevnica'),
			('8292', 'Zabukovje'),
			('8293', 'Studenec'),
			('8294', 'Bostanj'),
			('8295', 'Trzisce'),
			('8296', 'Krmelj'),
			('8297', 'Sentjanz'),
			('8310', 'Sentjernej'),
			('8311', 'Kostanjevica na Krki'),
			('8312', 'Podbocje'),
			('8321', 'Brusnice'),
			('8322', 'Stopice'),
			('8323', 'Ursna sela'),
			('8330', 'Metlika'),
			('8331', 'Suhor'),
			('8332', 'Gradac'),
			('8333', 'Semic'),
			('8340', 'Crnomelj'),
			('8341', 'Adlesici'),
			('8342', 'Stari trg ob Kolpi'),
			('8343', 'Dragatus'),
			('8344', 'Vinica'),
			('8350', 'Dolenjske Toplice'),
			('8351', 'Straza'),
			('8360', 'Zuzemberk'),
			('8361', 'Dvor'),
			('8362', 'Hinje'),
			('9000', 'Murska Sobota'),
			('9001', 'Murska Sobota - P.P.'),
			('9201', 'Puconci'),
			('9202', 'Mackovci'),
			('9203', 'Petrovci'),
			('9204', 'Salovci'),
			('9205', 'Hodos/Hodos'),
			('9206', 'Krizevci'),
			('9207', 'Prosenjakovci/Partosfalva'),
			('9208', 'Fokovci'),
			('9220', 'Lendava/Lendva'),
			('9221', 'Martjanci'),
			('9222', 'Bogojina'),
			('9223', 'Dobrovnik/Dobronak'),
			('9224', 'Turnisce'),
			('9225', 'Velika Polana'),
			('9226', 'Moravske Toplice'),
			('9227', 'Kobilje'),
			('9231', 'Beltinci'),
			('9232', 'Crensovci'),
			('9233', 'Odranci'),
			('9240', 'Ljutomer'),
			('9241', 'Verzej'),
			('9242', 'Krizevci pri Ljutomeru'),
			('9243', 'Mala Nedelja'),
			('9244', 'Sveti Jurij ob Scavnici'),
			('9245', 'Spodnji Ivanjci'),
			('9250', 'Gornja Radgona'),
			('9251', 'Tisina'),
			('9252', 'Radenci'),
			('9253', 'Apace'),
			('9261', 'Cankova'),
			('9262', 'Rogasovci'),
			('9263', 'Kuzma'),
			('9264', 'Grad'),
			('9265', 'Bodonci')
GO

/*SPECIALIZACIJE:Abdominalna kirurgija, Alergologija in klinična imunologija, Anesteziologija, Čeljustna in zobna ortopedija, Dermatovenerologija, Družinska medicina, Fizikalna in rehabilitacijska medicina, Ginekologija, Infektologija, Intenzivna medicina, Internistična onkologija, Javno zdravje, Kardiologija in vaskularna medicina, Kardiovaskularna kirurgija, Klinična mikrobiologija, Nevrokirurgija, Oralna kirurgija, Ortopedska kirurgija, Otroška in mladostniška psihiatrija, Otroška kirurgija, Parodontologija, Pediatrija, Plastična kirurgija, Psihiatrija, Splošna kirurgija, Transfuzijska medicina, Zobne bolezni, Žilna kirurgija*/
INSERT INTO [dbo].[Doktor]([EMSO_doktorja],[ime],[priimek],[status],[naslov],[placa_bruto],[specializacija],[postna_st], [telefon], [e-posta])
     VALUES
	 ('1803985503403','Samir','Jencic','gostujoci','01460 Lawn Point',2430,'Fizikalna in rehabilitacijska medicina','3222','030-903-494','mi.enim.condimentum@famesac.co.uk'),
	 ('1612991508093','Samantha','Zbasnik','gostujoci','6 Killdeer Terrace',3657,'Psihiatrija','2322','056-103-506','velit.justo.nec@erosNamconsequat.org'),
	 ('2302999503737','Damian','Golob','redni','108 Paget Road',3877,'Plastična kirurgija','1000','045-299-778','ipsum.Suspendisse@Cum.ca'),
	 ('3101979502023','Jakob','Pisek','gostujoci','7409 Schmedeman Point',2821,'Psihiatrija','5252','077-504-221','ac@amet.edu'),
	 ('0101988506987','Natalia','Kuzmic','vajenec','96247 Chinook Pass',3048,'Otroška in mladostniška psihiatrija','6257','024-800-685','lacus.Nulla@Inlorem.org'),
	 ('2008993501877','Nace','Jagodic','gostujoci','9 Donald Lane',3434,'Intenzivna medicina','3000','047-821-159','quam.a@cursusin.co.uk'),
	 ('3010970502191','Edvard','Hozjan','redni','0 Ridgeway Alley',2641,'Psihiatrija','3270','039-681-303','aliquam.arcu@pharetrafeliseget.com'),
	 ('2711975503245','Jakob','Stanic','redni','5 Steensland Court',2069,'Dermatovenerologija','1420','023-530-693','cursus.et@Duisvolutpatnunc.co.uk'),
	 ('1405986508837','Leoine','Calway','gostujoci','8 Surrey Drive',2031,'Ortopedska kirurgija','3254','021-318-201','adipiscing@Nulladignissim.net'),
	 ('1907968506581','Sandra','Kirtlan','redni','4 Bobwhite Center',2952,'Alergologija in klinična imunologija','1432','032-116-698','et@tempor.edu')
GO

INSERT INTO [dbo].[Sestra]([EMSO_sestre],[ime],[priimek],[placa_bruto],[naslov],[postna_st])
     VALUES
			('0506988509579','Dragomila','Kristan',972,'36397 Canary Avenue','2241'),
			('1506979506285','Krista','Mrsnik',1037,'382 Harbort Junction','9252'),
			('3009990509060','Mihela','Kosak',853,'38 Buell Center','9220'),
			('2802992507489','Bojanka','Pregelj',815,'7 Gerald Park','9240'),
			('0303969509640','Alenka','Kopitar',807,'287 Packers Circle','8350'),
			('1912997506487','Ana','Ahacic',1125,'1346 John Wall Terrace','8340'),
			('2111989501698','Izidor','Gazibara',989,'67 Veith Park','8270'),
			('1704993507010','Anamarija','Globokar',1039,'37640 Shasta Circle','8340'),
			('1111991508450','Draga','Fliser',953,'1 Mendota Trail','8232'),
			('2312987505624','Lucka','Sajovic',1158,'81697 Tennyson Park','6310')
GO

INSERT INTO [dbo].[Soba]([st_nadstropja],[st_postelj],[EMSO_sestre])
     VALUES
           (1,3,'1704993507010'),
           (2,2,'0506988509579'),
           (2,1,'2802992507489'),
           (1,2,'2312987505624'),
           (1,3,'2111989501698'),
           (1,2,'1111991508450'),
           (3,3,'1912997506487'),
           (2,2,'2312987505624'),
           (2,3,'1912997506487'),
           (3,2,'0506988509579'),
           (2,3,'1704993507010'),
           (3,3,'1912997506487'),
           (3,1,'2111989501698'),
           (2,3,'1704993507010'),
           (3,3,'2802992507489'),
           (1,3,'1704993507010'),
           (3,3,'0506988509579')
GO

INSERT INTO [dbo].[Pacient]([EMSO_pacienta],[ime],[priimek],[telefon],[naslov],[postna_st],[sifra_sobe])
     VALUES
			('1404977502390','Ljubomir','Istenic','037-768-759','69576 Weeping Birch Drive','6280',7),
			('3107993503545','Vilijem','Sabec','044-506-871','6855 Dorton Crossing','6310',15),
			('1807998501367','Zmago','Iskra','035-242-212','19 Dennis Avenue','6320',6),
			('0411968505398','Marisa','Humar','057-774-673','185 Artisan Pass','6330',NULL),
			('1605995509081','Kristina','Jesenicnik','022-328-940','3 Reindahl Drive','5290',2),
			('0101974506631','Elizabeth','Kaligaric','023-108-046','9307 Sugar Terrace','6320',NULL),
			('0207986504981','Dimitrij','Sopar','043-401-203','2 Lakeland Pass','5270',NULL),
			('2202984504872','Mladen','Kac','074-658-723','53 Coleman Hill','5232',7),
			('0307994509863','Sonja','Puksic','070-610-568','142 Dennis Court','5271',NULL),
			('0107989502452','Miran','Senica','031-478-987','253 Coleman Hill','1235',NULL)
GO

INSERT INTO [dbo].[Uporabnik]([uporabnisko_ime],[geslo],[EMSO_pacienta],[EMSO_doktorja],[EMSO_sestre])
     VALUES					/*gesloForAdmin999*/
           ('admin123', 'e560e4ad65a5f3b62da9f2ed33e7144545ae3444efd476b4a076b4c799e13bfa', NULL, NULL, NULL),
		   ('sJencic403', '47c48f0294ab28460f7239df39027784f3492990ab62ac8e27946d7482bacaba', NULL, '1803985503403', NULL), --geslo=googlepass22
		   ('vSabec545', '26fd45efce1bae6c4ca66584334d704c581c85a41b4c83475cd0dfe68c514855', '3107993503545', NULL, NULL)	--geslo=viliSamec
GO

--http://www.cbz.si/cbz/bazazdr2.nsf/Search?SearchView&Query=(%5BJENALISTI%5D=1)&SearchOrder=4&SearchMax=301
INSERT INTO [dbo].[Zdravilo]([ime],[opis],[oblika],[pakiranje],[cena],[podjetje])
     VALUES
           ('Amaryl 4 mg tablete', 'ZDRAVILA ZA ZDRAVLJENJE DIABETESA, Antidiabetiki, brez insulinov', 'tableta', 30, 4.21, 'sanofi-aventis d.o.o.'),
		   ('Amdut 0,5 mg mehke kapsule', 'ZDRAVILA ZA BOLEZNI SEČIL, Zdravila za zdravljenje benigne hipertrofije prostate, Zaviralci testosteron-5-alfa reduktaze', 'kapsule', 90, 26.44, 'APTA MEDICA INTERNACIONAL d.o.o.'),
		   ('Ampril 2,5 mg tablete', 'ZDRAVILA ZA BOLEZNI SRCA IN OŽILJA, ZDRAVILA Z DELOVANJEM NA RENIN-ANGIOTENZINSKI SISTEM, Zaviralci angiotenzinske konvertaze, enokomponentna zdravila', 'tableta', 28, 2.01, 'KRKA, d.d.'),
		   ('ANALGIN 500 mg tablete', 'ZDRAVILA Z DELOVANJEM NA ŽIVČEVJE, ANALGETIKI', 'tableta', 30, 4.34, 'ALKALOID - INT d.o.o.'),
		   ('BONDRONAT 6 mg/6 ml koncentrat za infundiranje', 'ZDRAVILA ZA BOLEZNI MIŠIČNO-SKELETNEGA SISTEMA, ZDRAVILA ZA BOLEZNI KOSTI, Zdravila z učinkom na strukturo in mineralizacijo kosti','raztopina', 5, 1223.22, 'Roche Registration Ltd.'),
		   ('Cinkova pasta 35 g', 'ZDRAVILA ZA BOLEZNI KOŽE IN PODKOŽNEGA TKIVA, ZDRAVILNE OBVEZE', 'pasta', 35, 1.94, 'Lekrane Ljubljana'),
		   ('Claritine 5 mg/5 ml sirup', 'ZDRAVILA ZA BOLEZNI DIHAL, ANTIHISTAMINIKI ZA SISTEMSKO ZDRAVLJENJE', 'sirup', 120,3.03, 'BAYER d.o.o.'),
		   ('Naklofen duo 75 mg kapsule', 'ZDRAVILA ZA BOLEZNI MIŠIČNO-SKELETNEGA SISTEMA, ZDRAVILA S PROTIVNETNIM IN PROTIREVMATIČNIM UČINKOM, Nesteroidna protivnetna in protirevmatična zdravila, Derivati ocetne kisline in sorodne učinkovine', 'kapsule', 30, 3.43, 'KRKA, d.d.'),
		   ('Nalgesin forte 550 mg filmsko obložene tablete', 'ZDRAVILA ZA BOLEZNI MIŠIČNO-SKELETNEGA SISTEMA, ZDRAVILA S PROTIVNETNIM IN PROTIREVMATIČNIM UČINKOM, Nesteroidna protivnetna in protirevmatična zdravila, Derivati ocetne kisline in sorodne učinkovine', 'tableta', 20, 2.64, 'KRKA, d.d.')
GO


INSERT INTO [dbo].[Termin]([datum],[EMSO_pacienta],[EMSO_doktorja],[opis])
VALUES ('2017-03-15 21:35:46.000','1807998501367','1405986508837','Cum sociis natoque penatibus et magnis dis parturient montes, nascetur ridiculus mus. Etiam vel augue. Vestibulum rutrum rutrum neque. Aenean auctor gravida sem. Praesent id massa id nisl venenatis lacinia. Aenean sit amet justo. Morbi ut odio. ')
INSERT INTO [dbo].[Termin]([datum],[EMSO_pacienta],[EMSO_doktorja],[opis])
VALUES ('2017-10-10 20:38:00.000','2202984504872','1405986508837','Morbi ut odio.')
INSERT INTO [dbo].[Termin]([datum],[EMSO_pacienta],[EMSO_doktorja],[opis])
VALUES ('2017-09-13 08:32:59.000','0411968505398','0101988506987','Proin leo odio, porttitor id, consequat in, consequat ut, nulla. Sed accumsan felis. Ut at dolor quis odio consequat varius. Integer ac leo. Pellentesque ultrices mattis odio. ')
INSERT INTO [dbo].[Termin]([datum],[EMSO_pacienta],[EMSO_doktorja],[opis])
VALUES ('2017-09-08 15:35:41.000','0207986504981','1612991508093','Vestibulum ac est lacinia nisi venenatis tristique. Fusce congue, diam id ornare imperdiet, sapien urna pretium nisl, ut volutpat sapien arcu sed augue. Aliquam erat volutpat. ')
INSERT INTO [dbo].[Termin]([datum],[EMSO_pacienta],[EMSO_doktorja],[opis])
VALUES ('2017-09-27 20:05:54.000','2202984504872','2711975503245','Vestibulum quam sapien, varius ut, blandit non, interdum in, ante. ')
INSERT INTO [dbo].[Termin]([datum],[EMSO_pacienta],[EMSO_doktorja],[opis])
VALUES ('2018-03-04 17:39:16.000','3107993503545','1907968506581','Vivamus in felis eu sapien cursus vestibulum.')
INSERT INTO [dbo].[Termin]([datum],[EMSO_pacienta],[EMSO_doktorja],[opis])
VALUES ('2017-06-18 01:29:03.000','0101974506631','2008993501877','Donec ut dolor. Morbi vel lectus in quam fringilla rhoncus.')
INSERT INTO [dbo].[Termin]([datum],[EMSO_pacienta],[EMSO_doktorja],[opis])
VALUES ('2017-12-21 13:09:09.000','0101974506631','1803985503403','Morbi vestibulum, velit id pretium iaculis, diam erat fermentum justo, nec condimentum neque sapien placerat ante. Nulla justo. Aliquam quis turpis eget elit sodales scelerisque. Mauris sit amet eros. Suspendisse accumsan tortor quis turpis. Sed ante. Vivamus tortor. Duis mattis egestas metus. ')
INSERT INTO [dbo].[Termin]([datum],[EMSO_pacienta],[EMSO_doktorja],[opis])
VALUES ('2018-03-26 22:54:47.000','1605995509081','1612991508093','Integer aliquet, massa id lobortis convallis, tortor risus dapibus augue, vel accumsan tellus nisi eu orci. Mauris lacinia sapien quis libero. Nullam sit amet turpis elementum ligula vehicula consequat. Morbi a ipsum. Integer a nibh. In quis justo. Maecenas rhoncus aliquam lacus. ')
INSERT INTO [dbo].[Termin]([datum],[EMSO_pacienta],[EMSO_doktorja],[opis])
VALUES ('2017-06-19 14:37:05.000','0101974506631','3010970502191','Donec ut mauris eget massa tempor convallis. Nulla neque libero, convallis eget, eleifend luctus, ultricies eu, nibh. Quisque id justo sit amet sapien dignissim vestibulum. Vestibulum ante ipsum primis in faucibus orci luctus et ultrices posuere cubilia Curae; Nulla dapibus dolor vel est. ')
INSERT INTO [dbo].[Termin]([datum],[EMSO_pacienta],[EMSO_doktorja],[opis])
VALUES ('2018-03-05 09:59:56.000','0101974506631','3010970502191','Morbi sem mauris, laoreet ut, rhoncus aliquet, pulvinar sed, nisl. Nunc rhoncus dui vel sem. Sed sagittis. ')
INSERT INTO [dbo].[Termin]([datum],[EMSO_pacienta],[EMSO_doktorja],[opis])
VALUES ('2016-12-21 19:23:10.000','1807998501367','0101988506987','Morbi vel lectus in quam fringilla rhoncus. Mauris enim leo, rhoncus sed, vestibulum sit amet, cursus id, turpis. Integer aliquet, massa id lobortis convallis, tortor risus dapibus augue, vel accumsan tellus nisi eu orci. Mauris lacinia sapien quis libero. Nullam sit amet turpis elementum ligula vehicula consequat. Morbi a ipsum. Integer a nibh. In quis justo. ')
INSERT INTO [dbo].[Termin]([datum],[EMSO_pacienta],[EMSO_doktorja],[opis])
VALUES ('2017-02-27 00:56:01.000','0207986504981','1803985503403','Nam congue, risus semper porta volutpat, quam pede lobortis ligula, sit amet eleifend pede libero quis orci. Nullam molestie nibh in lectus. Pellentesque at nulla. Suspendisse potenti. Cras in purus eu magna vulputate luctus. Cum sociis natoque penatibus et magnis dis parturient montes, nascetur ridiculus mus. Vivamus vestibulum sagittis sapien. ')
INSERT INTO [dbo].[Termin]([datum],[EMSO_pacienta],[EMSO_doktorja],[opis])
VALUES ('2018-03-18 04:00:58.000','0107989502452','2711975503245','Vivamus tortor. Duis mattis egestas metus. Aenean fermentum. Donec ut mauris eget massa tempor convallis. Nulla neque libero, convallis eget, eleifend luctus, ultricies eu, nibh. Quisque id justo sit amet sapien dignissim vestibulum. Vestibulum ante ipsum primis in faucibus orci luctus et ultrices posuere cubilia Curae; Nulla dapibus dolor vel est. Donec odio justo, sollicitudin ut, suscipit a, feugiat et, eros. Vestibulum ac est lacinia nisi venenatis tristique. ')
INSERT INTO [dbo].[Termin]([datum],[EMSO_pacienta],[EMSO_doktorja],[opis])
VALUES ('2017-08-03 11:37:27.000','2202984504872','3101979502023','Lorem ipsum dolor sit amet, consectetuer adipiscing elit. Proin interdum mauris non ligula pellentesque ultrices. Phasellus id sapien in sapien iaculis congue. ')
INSERT INTO [dbo].[Termin]([datum],[EMSO_pacienta],[EMSO_doktorja],[opis])
VALUES ('2017-07-06 14:03:29.000','0207986504981','1907968506581','Quisque porta volutpat erat. Quisque erat eros, viverra eget, congue eget, semper rutrum, nulla. Nunc purus. Phasellus in felis. ')
INSERT INTO [dbo].[Termin]([datum],[EMSO_pacienta],[EMSO_doktorja],[opis])
VALUES ('2016-12-26 11:48:46.000','0307994509863','3101979502023','Aenean fermentum. Donec ut mauris eget massa tempor convallis. Nulla neque libero, convallis eget, eleifend luctus, ultricies eu, nibh. Quisque id justo sit amet sapien dignissim vestibulum. Vestibulum ante ipsum primis in faucibus orci luctus et ultrices posuere cubilia Curae; Nulla dapibus dolor vel est. Donec odio justo, sollicitudin ut, suscipit a, feugiat et, eros. Vestibulum ac est lacinia nisi venenatis tristique. Fusce congue, diam id ornare imperdiet, sapien urna pretium nisl, ut volutpat sapien arcu sed augue. Aliquam erat volutpat. ')
INSERT INTO [dbo].[Termin]([datum],[EMSO_pacienta],[EMSO_doktorja],[opis])
VALUES ('2017-07-05 02:41:42.000','1807998501367','1803985503403','In blandit ultrices enim. Lorem ipsum dolor sit amet, consectetuer adipiscing elit. ')
INSERT INTO [dbo].[Termin]([datum],[EMSO_pacienta],[EMSO_doktorja],[opis])
VALUES ('2017-09-04 05:44:59.000','0411968505398','3010970502191','Integer tincidunt ante vel ipsum. Praesent blandit lacinia erat. Vestibulum sed magna at nunc commodo placerat. Praesent blandit. Nam nulla. Integer pede justo, lacinia eget, tincidunt eget, tempus vel, pede. Morbi porttitor lorem id ligula. Suspendisse ornare consequat lectus. ')
INSERT INTO [dbo].[Termin]([datum],[EMSO_pacienta],[EMSO_doktorja],[opis])
VALUES ('2017-04-03 06:26:57.000','0307994509863','1907968506581','Phasellus in felis. Donec semper sapien a libero. Nam dui. Proin leo odio, porttitor id, consequat in, consequat ut, nulla. Sed accumsan felis. Ut at dolor quis odio consequat varius. Integer ac leo. Pellentesque ultrices mattis odio. Donec vitae nisi. ')
INSERT INTO [dbo].[Termin]([datum],[EMSO_pacienta],[EMSO_doktorja],[opis])
VALUES ('2018-01-01 13:08:29.000','1605995509081','1803985503403','Etiam faucibus cursus urna. Ut tellus. Nulla ut erat id mauris vulputate elementum. Nullam varius. Nulla facilisi. Cras non velit nec nisi vulputate nonummy. Maecenas tincidunt lacus at velit. Vivamus vel nulla eget eros elementum pellentesque. Quisque porta volutpat erat. Quisque erat eros, viverra eget, congue eget, semper rutrum, nulla. ')
INSERT INTO [dbo].[Termin]([datum],[EMSO_pacienta],[EMSO_doktorja],[opis])
VALUES ('2017-12-01 04:39:09.000','3107993503545','1907968506581','Nam nulla. Integer pede justo, lacinia eget, tincidunt eget, tempus vel, pede. ')
INSERT INTO [dbo].[Termin]([datum],[EMSO_pacienta],[EMSO_doktorja],[opis])
VALUES ('2017-08-27 20:01:03.000','1605995509081','1803985503403','Fusce consequat. Nulla nisl. Nunc nisl. Duis bibendum, felis sed interdum venenatis, turpis enim blandit mi, in porttitor pede justo eu massa. Donec dapibus. Duis at velit eu est congue elementum. ')
INSERT INTO [dbo].[Termin]([datum],[EMSO_pacienta],[EMSO_doktorja],[opis])
VALUES ('2018-03-20 22:13:09.000','0207986504981','1803985503403','Nulla ut erat id mauris vulputate elementum. Nullam varius.')
INSERT INTO [dbo].[Termin]([datum],[EMSO_pacienta],[EMSO_doktorja],[opis])
VALUES ('2016-12-09 13:43:02.000','0411968505398','1405986508837','Mauris lacinia sapien quis libero. Nullam sit amet turpis elementum ligula vehicula consequat.')
INSERT INTO [dbo].[Termin]([datum],[EMSO_pacienta],[EMSO_doktorja],[opis])
VALUES ('2018-01-27 21:54:58.000','0101974506631','1612991508093','Fusce posuere felis sed lacus.')
INSERT INTO [dbo].[Termin]([datum],[EMSO_pacienta],[EMSO_doktorja],[opis])
VALUES ('2016-12-26 19:04:53.000','1605995509081','1907968506581','Praesent id massa id nisl venenatis lacinia. Aenean sit amet justo. Morbi ut odio. Cras mi pede, malesuada in, imperdiet et, commodo vulputate, justo. In blandit ultrices enim. Lorem ipsum dolor sit amet, consectetuer adipiscing elit. Proin interdum mauris non ligula pellentesque ultrices. Phasellus id sapien in sapien iaculis congue. Vivamus metus arcu, adipiscing molestie, hendrerit at, vulputate vitae, nisl. Aenean lectus. ')
INSERT INTO [dbo].[Termin]([datum],[EMSO_pacienta],[EMSO_doktorja],[opis])
VALUES ('2017-08-14 15:45:23.000','0101974506631','1405986508837','Fusce consequat. Nulla nisl. Nunc nisl. Duis bibendum, felis sed interdum venenatis, turpis enim blandit mi, in porttitor pede justo eu massa. Donec dapibus. Duis at velit eu est congue elementum. ')
INSERT INTO [dbo].[Termin]([datum],[EMSO_pacienta],[EMSO_doktorja],[opis])
VALUES ('2018-01-19 09:01:29.000','0411968505398','2302999503737','Curabitur at ipsum ac tellus semper interdum. Mauris ullamcorper purus sit amet nulla. Quisque arcu libero, rutrum ac, lobortis vel, dapibus at, diam. Nam tristique tortor eu pede. ')
INSERT INTO [dbo].[Termin]([datum],[EMSO_pacienta],[EMSO_doktorja],[opis])
VALUES ('2016-12-09 17:38:52.000','0101974506631','2302999503737','Etiam pretium iaculis justo.')
INSERT INTO [dbo].[Termin]([datum],[EMSO_pacienta],[EMSO_doktorja],[opis])
VALUES ('2017-11-09 18:37:48.000','0307994509863','1612991508093','Nam dui. Proin leo odio, porttitor id, consequat in, consequat ut, nulla. ')
INSERT INTO [dbo].[Termin]([datum],[EMSO_pacienta],[EMSO_doktorja],[opis])
VALUES ('2017-05-10 02:43:06.000','1605995509081','0101988506987','Nam congue, risus semper porta volutpat, quam pede lobortis ligula, sit amet eleifend pede libero quis orci. Nullam molestie nibh in lectus. Pellentesque at nulla. Suspendisse potenti. Cras in purus eu magna vulputate luctus. Cum sociis natoque penatibus et magnis dis parturient montes, nascetur ridiculus mus. Vivamus vestibulum sagittis sapien. Cum sociis natoque penatibus et magnis dis parturient montes, nascetur ridiculus mus. ')
INSERT INTO [dbo].[Termin]([datum],[EMSO_pacienta],[EMSO_doktorja],[opis])
VALUES ('2018-01-27 03:30:26.000','0107989502452','2008993501877','Vestibulum rutrum rutrum neque. Aenean auctor gravida sem. Praesent id massa id nisl venenatis lacinia. Aenean sit amet justo. Morbi ut odio. Cras mi pede, malesuada in, imperdiet et, commodo vulputate, justo. In blandit ultrices enim. Lorem ipsum dolor sit amet, consectetuer adipiscing elit. ')
INSERT INTO [dbo].[Termin]([datum],[EMSO_pacienta],[EMSO_doktorja],[opis])
VALUES ('2017-10-30 18:58:26.000','1605995509081','1612991508093','Maecenas leo odio, condimentum id, luctus nec, molestie sed, justo. Pellentesque viverra pede ac diam. Cras pellentesque volutpat dui. Maecenas tristique, est et tempus semper, est quam pharetra magna, ac consequat metus sapien ut nunc. Vestibulum ante ipsum primis in faucibus orci luctus et ultrices posuere cubilia Curae; Mauris viverra diam vitae quam. ')
INSERT INTO [dbo].[Termin]([datum],[EMSO_pacienta],[EMSO_doktorja],[opis])
VALUES ('2017-01-25 19:02:30.000','0411968505398','2302999503737','Vivamus vestibulum sagittis sapien. Cum sociis natoque penatibus et magnis dis parturient montes, nascetur ridiculus mus. Etiam vel augue. Vestibulum rutrum rutrum neque. Aenean auctor gravida sem. Praesent id massa id nisl venenatis lacinia. Aenean sit amet justo. Morbi ut odio. ')
INSERT INTO [dbo].[Termin]([datum],[EMSO_pacienta],[EMSO_doktorja],[opis])
VALUES ('2018-04-03 06:23:20.000','0101974506631','2302999503737','Morbi odio odio, elementum eu, interdum eu, tincidunt in, leo. Maecenas pulvinar lobortis est. Phasellus sit amet erat. Nulla tempus. Vivamus in felis eu sapien cursus vestibulum. Proin eu mi. Nulla ac enim. In tempor, turpis nec euismod scelerisque, quam turpis adipiscing lorem, vitae mattis nibh ligula nec sem. Duis aliquam convallis nunc. ')
INSERT INTO [dbo].[Termin]([datum],[EMSO_pacienta],[EMSO_doktorja],[opis])
VALUES ('2017-02-06 03:01:40.000','0207986504981','2008993501877','Nam dui.')
INSERT INTO [dbo].[Termin]([datum],[EMSO_pacienta],[EMSO_doktorja],[opis])
VALUES ('2017-12-18 12:33:21.000','0107989502452','3010970502191','Integer ac neque. Duis bibendum. Morbi non quam nec dui luctus rutrum. Nulla tellus. In sagittis dui vel nisl. Duis ac nibh. Fusce lacus purus, aliquet at, feugiat non, pretium quis, lectus. Suspendisse potenti. In eleifend quam a odio. ')
INSERT INTO [dbo].[Termin]([datum],[EMSO_pacienta],[EMSO_doktorja],[opis])
VALUES ('2016-12-14 15:17:25.000','0307994509863','3010970502191','Curabitur in libero ut massa volutpat convallis. Morbi odio odio, elementum eu, interdum eu, tincidunt in, leo. Maecenas pulvinar lobortis est. Phasellus sit amet erat. Nulla tempus. Vivamus in felis eu sapien cursus vestibulum. ')
INSERT INTO [dbo].[Termin]([datum],[EMSO_pacienta],[EMSO_doktorja],[opis])
VALUES ('2017-12-07 02:21:40.000','2202984504872','0101988506987','Pellentesque ultrices mattis odio. Donec vitae nisi. Nam ultrices, libero non mattis pulvinar, nulla pede ullamcorper augue, a suscipit nulla elit ac nulla. Sed vel enim sit amet nunc viverra dapibus. Nulla suscipit ligula in lacus. Curabitur at ipsum ac tellus semper interdum. ')
INSERT INTO [dbo].[Termin]([datum],[EMSO_pacienta],[EMSO_doktorja],[opis])
VALUES ('2016-12-31 11:41:01.000','0411968505398','2008993501877','Morbi vel lectus in quam fringilla rhoncus. Mauris enim leo, rhoncus sed, vestibulum sit amet, cursus id, turpis. ')
INSERT INTO [dbo].[Termin]([datum],[EMSO_pacienta],[EMSO_doktorja],[opis])
VALUES ('2017-09-23 14:39:00.000','1807998501367','1803985503403','Proin leo odio, porttitor id, consequat in, consequat ut, nulla. ')
INSERT INTO [dbo].[Termin]([datum],[EMSO_pacienta],[EMSO_doktorja],[opis])
VALUES ('2017-06-04 01:17:24.000','0207986504981','3101979502023','Nulla nisl. Nunc nisl. Duis bibendum, felis sed interdum venenatis, turpis enim blandit mi, in porttitor pede justo eu massa. Donec dapibus. Duis at velit eu est congue elementum. In hac habitasse platea dictumst. Morbi vestibulum, velit id pretium iaculis, diam erat fermentum justo, nec condimentum neque sapien placerat ante. ')
INSERT INTO [dbo].[Termin]([datum],[EMSO_pacienta],[EMSO_doktorja],[opis])
VALUES ('2017-01-14 23:22:49.000','0207986504981','1803985503403','Duis mattis egestas metus.')
INSERT INTO [dbo].[Termin]([datum],[EMSO_pacienta],[EMSO_doktorja],[opis])
VALUES ('2016-12-28 23:16:41.000','0107989502452','3010970502191','Maecenas leo odio, condimentum id, luctus nec, molestie sed, justo. Pellentesque viverra pede ac diam. Cras pellentesque volutpat dui. Maecenas tristique, est et tempus semper, est quam pharetra magna, ac consequat metus sapien ut nunc. Vestibulum ante ipsum primis in faucibus orci luctus et ultrices posuere cubilia Curae; Mauris viverra diam vitae quam. Suspendisse potenti. Nullam porttitor lacus at turpis. ')
INSERT INTO [dbo].[Termin]([datum],[EMSO_pacienta],[EMSO_doktorja],[opis])
VALUES ('2017-11-25 12:54:14.000','0207986504981','1405986508837','Nulla tempus. Vivamus in felis eu sapien cursus vestibulum. Proin eu mi.')
INSERT INTO [dbo].[Termin]([datum],[EMSO_pacienta],[EMSO_doktorja],[opis])
VALUES ('2017-04-27 12:36:40.000','1605995509081','2711975503245','Ut tellus. Nulla ut erat id mauris vulputate elementum.')


/*
INSERT INTO [dbo].[Termin]([datum],[EMSO_pacienta],[EMSO_doktorja])
     VALUES
           ('2017-03-15 21:35:46','1807998501367','1405986508837'),
           ('2017-10-10 20:38:00','2202984504872','1405986508837'),
           ('2017-09-13 08:32:59','0411968505398','0101988506987'),
           ('2017-09-08 15:35:41','0207986504981','1612991508093'),
           ('2017-09-27 20:05:54','2202984504872','2711975503245'),
           ('2018-03-04 17:39:16','3107993503545','1907968506581'),
           ('2017-06-18 01:29:03','0101974506631','2008993501877'),
           ('2017-12-21 13:09:09','0101974506631','1803985503403'),
           ('2018-03-26 22:54:47','1605995509081','1612991508093'),
           ('2017-06-19 14:37:05','0101974506631','3010970502191'),
           ('2018-03-05 09:59:56','0101974506631','3010970502191'),
           ('2016-12-21 19:23:10','1807998501367','0101988506987'),
           ('2017-02-27 00:56:01','0207986504981','1803985503403'),
           ('2018-03-18 04:00:58','0107989502452','2711975503245'),
           ('2017-08-03 11:37:27','2202984504872','3101979502023'),
           ('2017-07-06 14:03:29','0207986504981','1907968506581'),
           ('2016-12-26 11:48:46','0307994509863','3101979502023'),
           ('2017-07-05 02:41:42','1807998501367','1803985503403'),
           ('2017-09-04 05:44:59','0411968505398','3010970502191'),
           ('2017-04-03 06:26:57','0307994509863','1907968506581'),
           ('2018-01-01 13:08:29','1605995509081','1803985503403'),
           ('2017-12-01 04:39:09','3107993503545','1907968506581'),
           ('2017-08-27 20:01:03','1605995509081','1803985503403'),
           ('2018-03-20 22:13:09','0207986504981','1803985503403'),
           ('2016-12-09 13:43:02','0411968505398','1405986508837'),
           ('2018-01-27 21:54:58','0101974506631','1612991508093'),
		   ('2016-12-26 19:04:53','1605995509081','1907968506581'),
		   ('2017-08-14 15:45:23','0101974506631','1405986508837'),
		   ('2018-01-19 09:01:29','0411968505398','2302999503737'),
		   ('2016-12-09 17:38:52','0101974506631','2302999503737'),
		   ('2017-11-09 18:37:48','0307994509863','1612991508093'),
		   ('2017-05-10 02:43:06','1605995509081','0101988506987'),
		   ('2018-01-27 03:30:26','0107989502452','2008993501877'),
		   ('2017-10-30 18:58:26','1605995509081','1612991508093'),
		   ('2017-01-25 19:02:30','0411968505398','2302999503737'),
		   ('2018-04-03 06:23:20','0101974506631','2302999503737'),
		   ('2017-02-06 03:01:40','0207986504981','2008993501877'),
		   ('2017-12-18 12:33:21','0107989502452','3010970502191'),
		   ('2016-12-14 15:17:25','0307994509863','3010970502191'),
		   ('2017-12-07 02:21:40','2202984504872','0101988506987'),
		   ('2016-12-31 11:41:01','0411968505398','2008993501877'),
		   ('2017-09-23 14:39:00','1807998501367','1803985503403'),
		   ('2017-06-04 01:17:24','0207986504981','3101979502023'),
		   ('2017-01-14 23:22:49','0207986504981','1803985503403'),
		   ('2016-12-28 23:16:41','0107989502452','3010970502191'),
		   ('2017-11-25 12:54:14','0207986504981','1405986508837'),
		   ('2017-04-27 12:36:40','1605995509081','2711975503245')
GO

INSERT INTO [dbo].[Vpis_kartoteka]([opis],[sifra_termina])
     VALUES
           ('Cum sociis natoque penatibus et magnis dis parturient montes, nascetur ridiculus mus. Etiam vel augue. Vestibulum rutrum rutrum neque. Aenean auctor gravida sem. Praesent id massa id nisl venenatis lacinia. Aenean sit amet justo. Morbi ut odio. ',24),
           ('Morbi ut odio.',29),
           ('Proin leo odio, porttitor id, consequat in, consequat ut, nulla. Sed accumsan felis. Ut at dolor quis odio consequat varius. Integer ac leo. Pellentesque ultrices mattis odio. ',21),
           ('Vestibulum ac est lacinia nisi venenatis tristique. Fusce congue, diam id ornare imperdiet, sapien urna pretium nisl, ut volutpat sapien arcu sed augue. Aliquam erat volutpat. ',35),
           ('Vestibulum quam sapien, varius ut, blandit non, interdum in, ante. ',25),
           ('Vivamus in felis eu sapien cursus vestibulum.',38),
           ('Donec ut dolor. Morbi vel lectus in quam fringilla rhoncus.',25),
           ('Morbi vestibulum, velit id pretium iaculis, diam erat fermentum justo, nec condimentum neque sapien placerat ante. Nulla justo. Aliquam quis turpis eget elit sodales scelerisque. Mauris sit amet eros. Suspendisse accumsan tortor quis turpis. Sed ante. Vivamus tortor. Duis mattis egestas metus. ',25),
           ('Integer aliquet, massa id lobortis convallis, tortor risus dapibus augue, vel accumsan tellus nisi eu orci. Mauris lacinia sapien quis libero. Nullam sit amet turpis elementum ligula vehicula consequat. Morbi a ipsum. Integer a nibh. In quis justo. Maecenas rhoncus aliquam lacus. ',11),
           ('Donec ut mauris eget massa tempor convallis. Nulla neque libero, convallis eget, eleifend luctus, ultricies eu, nibh. Quisque id justo sit amet sapien dignissim vestibulum. Vestibulum ante ipsum primis in faucibus orci luctus et ultrices posuere cubilia Curae; Nulla dapibus dolor vel est. ',6),
           ('Morbi sem mauris, laoreet ut, rhoncus aliquet, pulvinar sed, nisl. Nunc rhoncus dui vel sem. Sed sagittis. ',22),
           ('Morbi vel lectus in quam fringilla rhoncus. Mauris enim leo, rhoncus sed, vestibulum sit amet, cursus id, turpis. Integer aliquet, massa id lobortis convallis, tortor risus dapibus augue, vel accumsan tellus nisi eu orci. Mauris lacinia sapien quis libero. Nullam sit amet turpis elementum ligula vehicula consequat. Morbi a ipsum. Integer a nibh. In quis justo. ',33),
           ('Nam congue, risus semper porta volutpat, quam pede lobortis ligula, sit amet eleifend pede libero quis orci. Nullam molestie nibh in lectus. Pellentesque at nulla. Suspendisse potenti. Cras in purus eu magna vulputate luctus. Cum sociis natoque penatibus et magnis dis parturient montes, nascetur ridiculus mus. Vivamus vestibulum sagittis sapien. ',44),
           ('Vivamus tortor. Duis mattis egestas metus. Aenean fermentum. Donec ut mauris eget massa tempor convallis. Nulla neque libero, convallis eget, eleifend luctus, ultricies eu, nibh. Quisque id justo sit amet sapien dignissim vestibulum. Vestibulum ante ipsum primis in faucibus orci luctus et ultrices posuere cubilia Curae; Nulla dapibus dolor vel est. Donec odio justo, sollicitudin ut, suscipit a, feugiat et, eros. Vestibulum ac est lacinia nisi venenatis tristique. ',24),
           ('Lorem ipsum dolor sit amet, consectetuer adipiscing elit. Proin interdum mauris non ligula pellentesque ultrices. Phasellus id sapien in sapien iaculis congue. ',28),
           ('Quisque porta volutpat erat. Quisque erat eros, viverra eget, congue eget, semper rutrum, nulla. Nunc purus. Phasellus in felis. ',37),
           ('Aenean fermentum. Donec ut mauris eget massa tempor convallis. Nulla neque libero, convallis eget, eleifend luctus, ultricies eu, nibh. Quisque id justo sit amet sapien dignissim vestibulum. Vestibulum ante ipsum primis in faucibus orci luctus et ultrices posuere cubilia Curae; Nulla dapibus dolor vel est. Donec odio justo, sollicitudin ut, suscipit a, feugiat et, eros. Vestibulum ac est lacinia nisi venenatis tristique. Fusce congue, diam id ornare imperdiet, sapien urna pretium nisl, ut volutpat sapien arcu sed augue. Aliquam erat volutpat. ',26),
           ('In blandit ultrices enim. Lorem ipsum dolor sit amet, consectetuer adipiscing elit. ',23),
           ('Integer tincidunt ante vel ipsum. Praesent blandit lacinia erat. Vestibulum sed magna at nunc commodo placerat. Praesent blandit. Nam nulla. Integer pede justo, lacinia eget, tincidunt eget, tempus vel, pede. Morbi porttitor lorem id ligula. Suspendisse ornare consequat lectus. ',33),
           ('Phasellus in felis. Donec semper sapien a libero. Nam dui. Proin leo odio, porttitor id, consequat in, consequat ut, nulla. Sed accumsan felis. Ut at dolor quis odio consequat varius. Integer ac leo. Pellentesque ultrices mattis odio. Donec vitae nisi. ',32),
           ('Etiam faucibus cursus urna. Ut tellus. Nulla ut erat id mauris vulputate elementum. Nullam varius. Nulla facilisi. Cras non velit nec nisi vulputate nonummy. Maecenas tincidunt lacus at velit. Vivamus vel nulla eget eros elementum pellentesque. Quisque porta volutpat erat. Quisque erat eros, viverra eget, congue eget, semper rutrum, nulla. ',21),
           ('Nam nulla. Integer pede justo, lacinia eget, tincidunt eget, tempus vel, pede. ',36),
           ('Fusce consequat. Nulla nisl. Nunc nisl. Duis bibendum, felis sed interdum venenatis, turpis enim blandit mi, in porttitor pede justo eu massa. Donec dapibus. Duis at velit eu est congue elementum. ',45),
           ('Nulla ut erat id mauris vulputate elementum. Nullam varius.',20),
           ('Mauris lacinia sapien quis libero. Nullam sit amet turpis elementum ligula vehicula consequat.',12),
           ('Fusce posuere felis sed lacus.',23),
           ('Praesent id massa id nisl venenatis lacinia. Aenean sit amet justo. Morbi ut odio. Cras mi pede, malesuada in, imperdiet et, commodo vulputate, justo. In blandit ultrices enim. Lorem ipsum dolor sit amet, consectetuer adipiscing elit. Proin interdum mauris non ligula pellentesque ultrices. Phasellus id sapien in sapien iaculis congue. Vivamus metus arcu, adipiscing molestie, hendrerit at, vulputate vitae, nisl. Aenean lectus. ',29),
           ('Fusce consequat. Nulla nisl. Nunc nisl. Duis bibendum, felis sed interdum venenatis, turpis enim blandit mi, in porttitor pede justo eu massa. Donec dapibus. Duis at velit eu est congue elementum. ',21),
           ('Curabitur at ipsum ac tellus semper interdum. Mauris ullamcorper purus sit amet nulla. Quisque arcu libero, rutrum ac, lobortis vel, dapibus at, diam. Nam tristique tortor eu pede. ',28),
           ('Etiam pretium iaculis justo.',35),
           ('Nam dui. Proin leo odio, porttitor id, consequat in, consequat ut, nulla. ',1),
           ('Nam congue, risus semper porta volutpat, quam pede lobortis ligula, sit amet eleifend pede libero quis orci. Nullam molestie nibh in lectus. Pellentesque at nulla. Suspendisse potenti. Cras in purus eu magna vulputate luctus. Cum sociis natoque penatibus et magnis dis parturient montes, nascetur ridiculus mus. Vivamus vestibulum sagittis sapien. Cum sociis natoque penatibus et magnis dis parturient montes, nascetur ridiculus mus. ',36),
           ('Vestibulum rutrum rutrum neque. Aenean auctor gravida sem. Praesent id massa id nisl venenatis lacinia. Aenean sit amet justo. Morbi ut odio. Cras mi pede, malesuada in, imperdiet et, commodo vulputate, justo. In blandit ultrices enim. Lorem ipsum dolor sit amet, consectetuer adipiscing elit. ',20),
           ('Maecenas leo odio, condimentum id, luctus nec, molestie sed, justo. Pellentesque viverra pede ac diam. Cras pellentesque volutpat dui. Maecenas tristique, est et tempus semper, est quam pharetra magna, ac consequat metus sapien ut nunc. Vestibulum ante ipsum primis in faucibus orci luctus et ultrices posuere cubilia Curae; Mauris viverra diam vitae quam. ',1),
           ('Vivamus vestibulum sagittis sapien. Cum sociis natoque penatibus et magnis dis parturient montes, nascetur ridiculus mus. Etiam vel augue. Vestibulum rutrum rutrum neque. Aenean auctor gravida sem. Praesent id massa id nisl venenatis lacinia. Aenean sit amet justo. Morbi ut odio. ',35),
           ('Morbi odio odio, elementum eu, interdum eu, tincidunt in, leo. Maecenas pulvinar lobortis est. Phasellus sit amet erat. Nulla tempus. Vivamus in felis eu sapien cursus vestibulum. Proin eu mi. Nulla ac enim. In tempor, turpis nec euismod scelerisque, quam turpis adipiscing lorem, vitae mattis nibh ligula nec sem. Duis aliquam convallis nunc. ',21),
           ('Nam dui.',34),
           ('Integer ac neque. Duis bibendum. Morbi non quam nec dui luctus rutrum. Nulla tellus. In sagittis dui vel nisl. Duis ac nibh. Fusce lacus purus, aliquet at, feugiat non, pretium quis, lectus. Suspendisse potenti. In eleifend quam a odio. ',5),
           ('Curabitur in libero ut massa volutpat convallis. Morbi odio odio, elementum eu, interdum eu, tincidunt in, leo. Maecenas pulvinar lobortis est. Phasellus sit amet erat. Nulla tempus. Vivamus in felis eu sapien cursus vestibulum. ',2),
           ('Pellentesque ultrices mattis odio. Donec vitae nisi. Nam ultrices, libero non mattis pulvinar, nulla pede ullamcorper augue, a suscipit nulla elit ac nulla. Sed vel enim sit amet nunc viverra dapibus. Nulla suscipit ligula in lacus. Curabitur at ipsum ac tellus semper interdum. ',36),
           ('Morbi vel lectus in quam fringilla rhoncus. Mauris enim leo, rhoncus sed, vestibulum sit amet, cursus id, turpis. ',12),
           ('Proin leo odio, porttitor id, consequat in, consequat ut, nulla. ',32),
           ('Nulla nisl. Nunc nisl. Duis bibendum, felis sed interdum venenatis, turpis enim blandit mi, in porttitor pede justo eu massa. Donec dapibus. Duis at velit eu est congue elementum. In hac habitasse platea dictumst. Morbi vestibulum, velit id pretium iaculis, diam erat fermentum justo, nec condimentum neque sapien placerat ante. ',2),
           ('Duis mattis egestas metus.',6),
           ('Maecenas leo odio, condimentum id, luctus nec, molestie sed, justo. Pellentesque viverra pede ac diam. Cras pellentesque volutpat dui. Maecenas tristique, est et tempus semper, est quam pharetra magna, ac consequat metus sapien ut nunc. Vestibulum ante ipsum primis in faucibus orci luctus et ultrices posuere cubilia Curae; Mauris viverra diam vitae quam. Suspendisse potenti. Nullam porttitor lacus at turpis. ',5),
           ('Nulla tempus. Vivamus in felis eu sapien cursus vestibulum. Proin eu mi.',10),
           ('Ut tellus. Nulla ut erat id mauris vulputate elementum.',44),
           ('Integer tincidunt ante vel ipsum. Praesent blandit lacinia erat. Vestibulum sed magna at nunc commodo placerat. Praesent blandit. Nam nulla. Integer pede justo, lacinia eget, tincidunt eget, tempus vel, pede. Morbi porttitor lorem id ligula. ',4),
           ('Praesent blandit lacinia erat. Vestibulum sed magna at nunc commodo placerat. Praesent blandit. Nam nulla. Integer pede justo, lacinia eget, tincidunt eget, tempus vel, pede. Morbi porttitor lorem id ligula. Suspendisse ornare consequat lectus. ',7),
           ('Morbi vel lectus in quam fringilla rhoncus. Mauris enim leo, rhoncus sed, vestibulum sit amet, cursus id, turpis. Integer aliquet, massa id lobortis convallis, tortor risus dapibus augue, vel accumsan tellus nisi eu orci. Mauris lacinia sapien quis libero. Nullam sit amet turpis elementum ligula vehicula consequat. Morbi a ipsum. Integer a nibh. In quis justo. Maecenas rhoncus aliquam lacus. Morbi quis tortor id nulla ultrices aliquet. ',38),
           ('Curabitur in libero ut massa volutpat convallis. Morbi odio odio, elementum eu, interdum eu, tincidunt in, leo. Maecenas pulvinar lobortis est. Phasellus sit amet erat. Nulla tempus. Vivamus in felis eu sapien cursus vestibulum. Proin eu mi. Nulla ac enim. In tempor, turpis nec euismod scelerisque, quam turpis adipiscing lorem, vitae mattis nibh ligula nec sem. ',18),
           ('Vivamus metus arcu, adipiscing molestie, hendrerit at, vulputate vitae, nisl. Aenean lectus. Pellentesque eget nunc. Donec quis orci eget orci vehicula condimentum. Curabitur in libero ut massa volutpat convallis. Morbi odio odio, elementum eu, interdum eu, tincidunt in, leo. Maecenas pulvinar lobortis est. Phasellus sit amet erat. ',21),
           ('Donec quis orci eget orci vehicula condimentum. Curabitur in libero ut massa volutpat convallis. Morbi odio odio, elementum eu, interdum eu, tincidunt in, leo. Maecenas pulvinar lobortis est. Phasellus sit amet erat. Nulla tempus. Vivamus in felis eu sapien cursus vestibulum. ',17),
           ('Nulla tempus. Vivamus in felis eu sapien cursus vestibulum. Proin eu mi. Nulla ac enim. In tempor, turpis nec euismod scelerisque, quam turpis adipiscing lorem, vitae mattis nibh ligula nec sem. Duis aliquam convallis nunc. ',37),
           ('Praesent id massa id nisl venenatis lacinia. Aenean sit amet justo. Morbi ut odio.',9),
           ('Donec vitae nisi. Nam ultrices, libero non mattis pulvinar, nulla pede ullamcorper augue, a suscipit nulla elit ac nulla. Sed vel enim sit amet nunc viverra dapibus. Nulla suscipit ligula in lacus. ',1),
           ('Praesent id massa id nisl venenatis lacinia. Aenean sit amet justo. Morbi ut odio. Cras mi pede, malesuada in, imperdiet et, commodo vulputate, justo. ',44),
           ('Mauris enim leo, rhoncus sed, vestibulum sit amet, cursus id, turpis. Integer aliquet, massa id lobortis convallis, tortor risus dapibus augue, vel accumsan tellus nisi eu orci. Mauris lacinia sapien quis libero. Nullam sit amet turpis elementum ligula vehicula consequat. Morbi a ipsum. ',33),
           ('Aenean sit amet justo. Morbi ut odio. Cras mi pede, malesuada in, imperdiet et, commodo vulputate, justo. In blandit ultrices enim. Lorem ipsum dolor sit amet, consectetuer adipiscing elit. Proin interdum mauris non ligula pellentesque ultrices. Phasellus id sapien in sapien iaculis congue. Vivamus metus arcu, adipiscing molestie, hendrerit at, vulputate vitae, nisl. ',43),
           ('Nulla neque libero, convallis eget, eleifend luctus, ultricies eu, nibh. Quisque id justo sit amet sapien dignissim vestibulum. Vestibulum ante ipsum primis in faucibus orci luctus et ultrices posuere cubilia Curae; Nulla dapibus dolor vel est. Donec odio justo, sollicitudin ut, suscipit a, feugiat et, eros. Vestibulum ac est lacinia nisi venenatis tristique. Fusce congue, diam id ornare imperdiet, sapien urna pretium nisl, ut volutpat sapien arcu sed augue. Aliquam erat volutpat. In congue. Etiam justo. Etiam pretium iaculis justo. ',25),
           ('Suspendisse potenti. Cras in purus eu magna vulputate luctus. Cum sociis natoque penatibus et magnis dis parturient montes, nascetur ridiculus mus. Vivamus vestibulum sagittis sapien. Cum sociis natoque penatibus et magnis dis parturient montes, nascetur ridiculus mus. Etiam vel augue. ',4),
           ('Morbi sem mauris, laoreet ut, rhoncus aliquet, pulvinar sed, nisl. Nunc rhoncus dui vel sem. Sed sagittis. Nam congue, risus semper porta volutpat, quam pede lobortis ligula, sit amet eleifend pede libero quis orci. Nullam molestie nibh in lectus. Pellentesque at nulla. Suspendisse potenti. ',3),
           ('Nulla neque libero, convallis eget, eleifend luctus, ultricies eu, nibh. ',24),
           ('Donec odio justo, sollicitudin ut, suscipit a, feugiat et, eros. Vestibulum ac est lacinia nisi venenatis tristique. Fusce congue, diam id ornare imperdiet, sapien urna pretium nisl, ut volutpat sapien arcu sed augue. Aliquam erat volutpat. In congue. Etiam justo. ',14),
           ('Nulla tellus. In sagittis dui vel nisl. Duis ac nibh. Fusce lacus purus, aliquet at, feugiat non, pretium quis, lectus. Suspendisse potenti. In eleifend quam a odio. In hac habitasse platea dictumst. Maecenas ut massa quis augue luctus tincidunt. Nulla mollis molestie lorem. Quisque ut erat. ',18),
           ('Morbi ut odio. Cras mi pede, malesuada in, imperdiet et, commodo vulputate, justo. In blandit ultrices enim. Lorem ipsum dolor sit amet, consectetuer adipiscing elit. ',33),
           ('Fusce posuere felis sed lacus. Morbi sem mauris, laoreet ut, rhoncus aliquet, pulvinar sed, nisl. Nunc rhoncus dui vel sem. Sed sagittis. Nam congue, risus semper porta volutpat, quam pede lobortis ligula, sit amet eleifend pede libero quis orci. Nullam molestie nibh in lectus. Pellentesque at nulla. Suspendisse potenti. ',4),
           ('Maecenas ut massa quis augue luctus tincidunt. Nulla mollis molestie lorem. Quisque ut erat. Curabitur gravida nisi at nibh. In hac habitasse platea dictumst. Aliquam augue quam, sollicitudin vitae, consectetuer eget, rutrum at, lorem. Integer tincidunt ante vel ipsum. Praesent blandit lacinia erat. ',1),
           ('Cum sociis natoque penatibus et magnis dis parturient montes, nascetur ridiculus mus. Vivamus vestibulum sagittis sapien. Cum sociis natoque penatibus et magnis dis parturient montes, nascetur ridiculus mus. Etiam vel augue. ',38),
           ('Donec ut dolor. Morbi vel lectus in quam fringilla rhoncus. Mauris enim leo, rhoncus sed, vestibulum sit amet, cursus id, turpis. Integer aliquet, massa id lobortis convallis, tortor risus dapibus augue, vel accumsan tellus nisi eu orci. Mauris lacinia sapien quis libero. Nullam sit amet turpis elementum ligula vehicula consequat. Morbi a ipsum. Integer a nibh. In quis justo. ',11),
           ('Aenean sit amet justo. Morbi ut odio. Cras mi pede, malesuada in, imperdiet et, commodo vulputate, justo. ',21),
           ('Suspendisse accumsan tortor quis turpis. Sed ante. Vivamus tortor. Duis mattis egestas metus.',1),
           ('Suspendisse potenti. Nullam porttitor lacus at turpis. Donec posuere metus vitae ipsum. Aliquam non mauris. Morbi non lectus. Aliquam sit amet diam in magna bibendum imperdiet. Nullam orci pede, venenatis non, sodales sed, tincidunt eu, felis. Fusce posuere felis sed lacus. ',33),
           ('Curabitur gravida nisi at nibh. In hac habitasse platea dictumst. Aliquam augue quam, sollicitudin vitae, consectetuer eget, rutrum at, lorem. Integer tincidunt ante vel ipsum. Praesent blandit lacinia erat. Vestibulum sed magna at nunc commodo placerat. Praesent blandit. Nam nulla. Integer pede justo, lacinia eget, tincidunt eget, tempus vel, pede. Morbi porttitor lorem id ligula. ',16),
           ('Vestibulum ante ipsum primis in faucibus orci luctus et ultrices posuere cubilia Curae; Nulla dapibus dolor vel est. Donec odio justo, sollicitudin ut, suscipit a, feugiat et, eros. ',39),
           ('Donec quis orci eget orci vehicula condimentum.',20),
           ('Nulla ac enim. In tempor, turpis nec euismod scelerisque, quam turpis adipiscing lorem, vitae mattis nibh ligula nec sem. Duis aliquam convallis nunc. Proin at turpis a pede posuere nonummy. ',7),
           ('Donec quis orci eget orci vehicula condimentum. Curabitur in libero ut massa volutpat convallis. Morbi odio odio, elementum eu, interdum eu, tincidunt in, leo. Maecenas pulvinar lobortis est. Phasellus sit amet erat. Nulla tempus. Vivamus in felis eu sapien cursus vestibulum. Proin eu mi. Nulla ac enim. ',45),
           ('Nam nulla. Integer pede justo, lacinia eget, tincidunt eget, tempus vel, pede. ',17),
           ('Vivamus in felis eu sapien cursus vestibulum. Proin eu mi. Nulla ac enim. In tempor, turpis nec euismod scelerisque, quam turpis adipiscing lorem, vitae mattis nibh ligula nec sem. Duis aliquam convallis nunc. Proin at turpis a pede posuere nonummy. Integer non velit. Donec diam neque, vestibulum eget, vulputate ut, ultrices vel, augue. Vestibulum ante ipsum primis in faucibus orci luctus et ultrices posuere cubilia Curae; Donec pharetra, magna vestibulum aliquet ultrices, erat tortor sollicitudin mi, sit amet lobortis sapien sapien non mi. ',44),
           ('Cras in purus eu magna vulputate luctus.',32),
           ('Integer ac neque. Duis bibendum. Morbi non quam nec dui luctus rutrum. Nulla tellus. In sagittis dui vel nisl. Duis ac nibh.',34),
           ('Curabitur convallis. Duis consequat dui nec nisi volutpat eleifend. Donec ut dolor. Morbi vel lectus in quam fringilla rhoncus. Mauris enim leo, rhoncus sed, vestibulum sit amet, cursus id, turpis. Integer aliquet, massa id lobortis convallis, tortor risus dapibus augue, vel accumsan tellus nisi eu orci. ',23),
           ('Morbi non lectus. Aliquam sit amet diam in magna bibendum imperdiet. Nullam orci pede, venenatis non, sodales sed, tincidunt eu, felis. Fusce posuere felis sed lacus. Morbi sem mauris, laoreet ut, rhoncus aliquet, pulvinar sed, nisl. Nunc rhoncus dui vel sem. Sed sagittis. Nam congue, risus semper porta volutpat, quam pede lobortis ligula, sit amet eleifend pede libero quis orci. Nullam molestie nibh in lectus. ',18),
           ('Cras mi pede, malesuada in, imperdiet et, commodo vulputate, justo. In blandit ultrices enim. Lorem ipsum dolor sit amet, consectetuer adipiscing elit. Proin interdum mauris non ligula pellentesque ultrices. Phasellus id sapien in sapien iaculis congue. Vivamus metus arcu, adipiscing molestie, hendrerit at, vulputate vitae, nisl. Aenean lectus. Pellentesque eget nunc. ',42),
           ('Quisque porta volutpat erat. Quisque erat eros, viverra eget, congue eget, semper rutrum, nulla. Nunc purus. Phasellus in felis. Donec semper sapien a libero. Nam dui. Proin leo odio, porttitor id, consequat in, consequat ut, nulla. Sed accumsan felis. ',30),
           ('Integer ac neque. Duis bibendum. Morbi non quam nec dui luctus rutrum. Nulla tellus. In sagittis dui vel nisl. Duis ac nibh. Fusce lacus purus, aliquet at, feugiat non, pretium quis, lectus. Suspendisse potenti. In eleifend quam a odio. In hac habitasse platea dictumst. ',38),
           ('Nunc nisl. Duis bibendum, felis sed interdum venenatis, turpis enim blandit mi, in porttitor pede justo eu massa. Donec dapibus. Duis at velit eu est congue elementum. In hac habitasse platea dictumst. Morbi vestibulum, velit id pretium iaculis, diam erat fermentum justo, nec condimentum neque sapien placerat ante. Nulla justo. Aliquam quis turpis eget elit sodales scelerisque. ',32),
           ('Sed sagittis. Nam congue, risus semper porta volutpat, quam pede lobortis ligula, sit amet eleifend pede libero quis orci. Nullam molestie nibh in lectus. Pellentesque at nulla. Suspendisse potenti. Cras in purus eu magna vulputate luctus. Cum sociis natoque penatibus et magnis dis parturient montes, nascetur ridiculus mus. ',17),
           ('Morbi quis tortor id nulla ultrices aliquet.',12),
           ('Vestibulum rutrum rutrum neque. Aenean auctor gravida sem. Praesent id massa id nisl venenatis lacinia. Aenean sit amet justo. Morbi ut odio. Cras mi pede, malesuada in, imperdiet et, commodo vulputate, justo. In blandit ultrices enim. ',38),
           ('Duis aliquam convallis nunc. Proin at turpis a pede posuere nonummy. Integer non velit. Donec diam neque, vestibulum eget, vulputate ut, ultrices vel, augue. ',35),
           ('In hac habitasse platea dictumst. Aliquam augue quam, sollicitudin vitae, consectetuer eget, rutrum at, lorem. Integer tincidunt ante vel ipsum. Praesent blandit lacinia erat. Vestibulum sed magna at nunc commodo placerat. Praesent blandit. Nam nulla. Integer pede justo, lacinia eget, tincidunt eget, tempus vel, pede. Morbi porttitor lorem id ligula. Suspendisse ornare consequat lectus. ',16),
           ('Nam nulla.',41)
GO*/


--SELECT quotename(convert(char(1),sifra_termina),'''')+',', quotename(convert(char(13),EMSO_pacienta),'''') FROM Termin --ORDER BY EMSO_pacienta, sifra_termina
INSERT INTO [dbo].[Recept]([sifra_termina],[EMSO_pacienta],[razlog],[nacin],[drzava],[enotaZZZS],[vrsta_doktorja] )
     VALUES ('1','0101974506631',1,1,NULL,'456687','osebni'),
			('1','0107989502452',1,1,NULL,'456687','pooblasceni'),
			('1','0207986504981',1,1,NULL,'456687','osebni'),
			('1','2202984504872',1,1,NULL,'456687','osebni'),
			('1','3107993503545',1,1,'191','456687','nadomestni'),
			('2','0101974506631',2,2,NULL,'456687','nadomestni'),
			('2','0107989502452',1,1,NULL,'456687','osebni'),
			('2','0207986504981',1,1,NULL,'456687','osebni'),
			('2','0307994509863',1,1,'040','456687','pooblasceni'),
			('2','0411968505398',1,1,NULL,'456687','osebni'),
			('2','1807998501367',2,2,NULL,'710804','osebni'),
			('2','2202984504872',1,1,NULL,'456687','nadomestni'),
			('2','3107993503545',1,1,'191','456687','nadomestni'),
			('3','0101974506631',1,1,NULL,'456687','pooblasceni'),
			('3','0107989502452',1,1,NULL,'710804','osebni'),
			('3','0207986504981',1,1,NULL,'456687','osebni'),
			('3','0411968505398',1,1,NULL,'456687','osebni'),
			('3','1605995509081',1,1,NULL,'456687','pooblasceni'),
			('3','1807998501367',1,1,NULL,'456687','osebni'),
			('4','0107989502452',1,1,NULL,'456687','osebni'),
			('4','0207986504981',2,2,NULL,'456687','osebni'),
			('4','0307994509863',1,1,'040','456687','pooblasceni'),
			('4','0411968505398',1,1,NULL,'456687','osebni'),
			('4','1605995509081',1,1,NULL,'456687','osebni'),
			('4','1807998501367',1,1,NULL,'456687','osebni'),
			('4','2202984504872',2,2,NULL,'456687','nadomestni'),
			('5','0101974506631',1,1,NULL,'456687','nadomestni'),
			('5','0207986504981',1,1,NULL,'710804','nadomestni'),
			('5','0411968505398',4,3,NULL,'456687','osebni'),
			('5','1605995509081',1,1,NULL,'456687','osebni'),
			('6','0101974506631',1,1,NULL,'456687','pooblasceni'),
			('6','0207986504981',1,1,NULL,'710804','osebni'),
			('6','0411968505398',1,1,NULL,'456687','osebni'),
			('6','1605995509081',2,2,NULL,'456687','pooblasceni'),
			('7','0101974506631',1,1,NULL,'456687','osebni'),
			('7','0207986504981',1,1,NULL,'710804','osebni'),
			('7','1605995509081',4,3,NULL,'456687','nadomestni'),
			('8','0101974506631',1,1,NULL,'456687','nadomestni'),
			('8','0207986504981',1,1,NULL,'456687','osebni')

INSERT INTO [dbo].[Recept_zdravilo]([sifra_recepta],[sifra_zdravila],[kolicina])
	 VALUES
           (16,0,2),
           (27,5,1),
           (19,1,2),
           (36,1,1),
           (31,1,1),
           (17,7,1),
           (7,5,1),
           (16,4,2),
           (6,4,3),
           (28,6,1),
           (20,3,1),
           (35,8,1),
           (30,5,2),
           (19,4,3),
           (21,8,3),
           (21,1,1),
           (14,2,2),
           (12,4,3),
           (19,2,2),
           (3,8,2),
           (14,8,3),
           (31,0,1),
           (34,0,2),
           (28,1,2),
           (5,1,3),
           (35,7,1),
           (11,2,3),
           (25,0,2),
           (3,7,1),
           (21,0,3),
           (35,1,2),
           (25,2,2),
           (18,6,3),
           (32,8,1),
           (25,5,2),
           (19,5,3),
           (32,6,2),
           (6,0,1),
           (8,8,2),
           (1,3,1),
           (31,5,3),
           (29,2,2),
           (23,6,1),
           (14,7,3),
           (14,0,3),
           (23,1,1),
           (28,3,2)
GO